id,name,icon,initial_balance,current_balance
ACC_MERCADOP,Mercado Pago (checking account),💳,"14302,94","4552,03"
ACC_MERCADOP2,Mercado Pago (short-term),💰,"39894,32","12167,38"
ACC_NUBANKMA,Nubank (checking account),🟣,"50,00","-12,45"
ACC_TRANSITI,Nubank (short-term),🔄,"5100,07","5062,45"
ACC_BOSCHLIF,BoschLife,🏦,"13824,22","14155,76"
ACC_FGTS,FGTS,🏛️,"54104,01","55978,74"
ACC_MEALVOUC,Meal voucher,🍽️,"0,00","0,00"
ACC_MELIDOLA,Meli dólares,💵,"0,00","98,37"
ACC_MERCADOP3,Mercado Pago (long-term),📈,"43444,76","54439,10"
ACC_99PAY,99 Pay (short-term),🍴,"0,00","5000,00"
