id,parent_type,parent_id,kind,ref,description,sort_order
ATT_0003,info,INFO_0099,image,attachments\20260829-PROJ_0004-20260828-142108.png,20260828-142108.png,180
ATT_0004,info,INFO_0100,image,attachments\20260829-PROJ_0004-20260828-101254.png,20260828-101254.png,200
ATT_0005,info,INFO_0101,image,attachments\20260829-PROJ_0004-20260828-101317.png,20260828-101317.png,210
ATT_0011,task,TASK_0017,file,C:\Users\fie7ca\OneDrive - Bosch Group\SO UX - LA (Internal) - Data Insights SO - Piloto PT B2B\documents\0-others\business-model\costs.xlsx,C:\Users\fie7ca\OneDrive - Bosch Group\SO UX - LA (Internal) - Data Insights SO - Piloto PT B2B\documents\0-others\business-model\costs.xlsx,700
ATT_0013,info,INFO_0105,image,attachments\20260829-TASK_0029-20260817-165019.png,20260817-165019.png,990
ATT_0023,info,INFO_0112,image,attachments\20260829-TASK_0042-20260301-203740.png,20260301-203740.png,1560
ATT_0027,info,INFO_0138,image,attachments\20260914-181246-INFO_0138-image.png,image.png,1730
ATT_0028,info,INFO_0192,image,attachments\20260927-155547-INFO_0192-image.png,image.png,1740
ATT_0029,info,INFO_0194,image,attachments\20260927-161306-INFO_0194-image.png,image.png,1750
ATT_0030,info,INFO_0262,image,attachments\20261005-150340-INFO_0262-image.png,image.png,1760
