id,parent_type,parent_id,title,body,emoji,section_path,sort_order,created_at,edit_lock,birth_date
INFO_0005,project,PROJ_0004,Next steps,,ℹ️,,170,2026-08-29 15:48:39,,
INFO_0006,project,PROJ_0004,Plan,Plan,ℹ️,,190,2026-08-29 15:48:39,,
INFO_0016,task,TASK_0011,Contribution Goals,"Contribution Goals
0 - Não atingido
1 - Parcialmente atingido
2 - Totalmente atingido
Data Insights - meta individual
0 – Não atingido
Análise superficial ou ad hoc das transcrições, sem método definido
Insights genéricos, sem conexão clara com problemas reais da operação
Ausência de direcionamento consistente de solução
1 – Parcialmente atingido
Análise estruturada inicial das transcrições, com identificação de padrões
Insights relevantes identificados, com priorização ainda limitada ou pouco embasada
Direcionamento de solução definido, porém sem detalhamento claro ou tangibilização
2 – Totalmente atingido
Análise estruturada e consistente, com identificação clara de padrões, dores e oportunidades
Insights priorizados com base em impacto e recorrência, conectados ao negócio
Proposta de solução bem definida (QMAI ou nova), com conceito, proposta de valor e próximos passos claros
Protótipos das telas desenvolvidos, representando a solução proposta
Sempre que possível, implementação inicial (piloto/MVP) realizada para validação da solução",ℹ️,"Tasks/Checar esta meta, se precisamos revisar",420,2026-08-29 15:48:39,,
INFO_0022,project,PROJ_0011,BPM Backlog.md,BPM Backlog.md,ℹ️,,550,2026-08-29 15:48:39,,
INFO_0028,project,PROJ_0012,Nadja vai involver o Rafael para entender quando seria um momento interessante,Nadja vai involver o Rafael para entender quando seria um momento interessante,ℹ️,,630,2026-08-29 15:48:39,,
INFO_0031,task,TASK_0017,Wait to get in touch with Rafael.,Wait to get in touch with Rafael.,ℹ️,Projects/Business Model,710,2026-08-29 15:48:39,,
INFO_0034,task,TASK_0025,Canal para troca se experiências,Canal para troca se experiências,ℹ️,Projects/Communication Plan/TEAMS group,840,2026-08-29 15:48:39,,
INFO_0052,task,TASK_0033,Apresentação explicativa do N8N,Apresentação explicativa do N8N,ℹ️,Projects/N8N,1120,2026-08-29 15:48:39,,
INFO_0053,task,TASK_0033,N8N precisa da solicitação de acesso.,N8N precisa da solicitação de acesso.,ℹ️,Projects/N8N,1130,2026-08-29 15:48:39,,
INFO_0054,task,TASK_0033,"Não tem custos com a sandbox, mas apenas quando lançado em produção. Essa parte faz parte do treinamento.","Não tem custos com a sandbox, mas apenas quando lançado em produção. Essa parte faz parte do treinamento.",ℹ️,Projects/N8N,1140,2026-08-29 15:48:39,,
INFO_0055,task,TASK_0033,Trazer um exemplo.,Trazer um exemplo.,ℹ️,Projects/N8N,1150,2026-08-29 15:48:39,,
INFO_0056,task,TASK_0033,A mensagem .,A mensagem .,ℹ️,Projects/N8N,1160,2026-08-29 15:48:39,,
INFO_0057,task,TASK_0033,Reference aos key-users pode tentar 3 horas.,Reference aos key-users pode tentar 3 horas.,ℹ️,Projects/N8N,1170,2026-08-29 15:48:39,,
INFO_0058,task,TASK_0033,"Recap explicando que essa rodada é uma nova ferramenta como alternativa. Assim, eles entendem que é diferente do Gemini Enterprise.","Recap explicando que essa rodada é uma nova ferramenta como alternativa. Assim, eles entendem que é diferente do Gemini Enterprise.",ℹ️,Projects/N8N,1180,2026-08-29 15:48:39,,
INFO_0059,task,TASK_0033,"Ajustar a sessão de colaboradores e deixar mais parecida com a dos gestores, algo mais genérico para que aqueles quiserem se aprofundar, possam fazer.","Ajustar a sessão de colaboradores e deixar mais parecida com a dos gestores, algo mais genérico para que aqueles quiserem se aprofundar, possam fazer.",ℹ️,Projects/N8N,1190,2026-08-29 15:48:39,,
INFO_0060,task,TASK_0033,Se tiver uma quantidade alta de colaboradores nós expandimos para mais.,Se tiver uma quantidade alta de colaboradores nós expandimos para mais.,ℹ️,Projects/N8N,1200,2026-08-29 15:48:39,,
INFO_0061,task,TASK_0033,"Quando uma pessoa se autonominar key-user, o gestor precisa aprovar antes.","Quando uma pessoa se autonominar key-user, o gestor precisa aprovar antes.",ℹ️,Projects/N8N,1210,2026-08-29 15:48:39,,
INFO_0062,project,PROJ_0014,O AI Roleplay é um módulo do QMAI. ℹ️ O AI Roleplay analisa as transcrições de ligações e analisa problemas. O AI Roleplay cria um treinamento específico para aquela pessoa ou time. O Treinamento tem ,O AI Roleplay é um módulo do QMAI. ℹ️ O AI Roleplay analisa as transcrições de ligações e analisa problemas. O AI Roleplay cria um treinamento específico para aquela pessoa ou time. O Treinamento tem que condizer com o tom de voz da empresa contratante.,ℹ️,Projects/AI Roleplay,1250,2026-08-29 15:48:39,,
INFO_0063,project,PROJ_0014,Um agente pode solicitar um treinamento ou o gestor solicitar.,Um agente pode solicitar um treinamento ou o gestor solicitar.,ℹ️,Projects/AI Roleplay,1260,2026-08-29 15:48:39,,
INFO_0064,project,PROJ_0014,Tem um quiz no final do treinamento.,Tem um quiz no final do treinamento.,ℹ️,Projects/AI Roleplay,1270,2026-08-29 15:48:39,,
INFO_0065,project,PROJ_0014,Fluxo do agente,Fluxo do agente,ℹ️,Projects/AI Roleplay,1280,2026-08-29 15:48:39,,
INFO_0066,project,PROJ_0014,Não precisa se preocupar nas diferenças entre usuários.,Não precisa se preocupar nas diferenças entre usuários.,ℹ️,Projects/AI Roleplay,1300,2026-08-29 15:48:39,,
INFO_0067,project,PROJ_0014,"Cada pilar do Figma, é um usuário","Cada pilar do Figma, é um usuário",ℹ️,Projects/AI Roleplay,1310,2026-08-29 15:48:39,,
INFO_0068,project,PROJ_0015,"link rel=""stylesheet"" type=""text/css"" href=""styles/styles.css"">","link rel=""stylesheet"" type=""text/css"" href=""styles/styles.css"">",ℹ️,,1350,2026-08-29 15:48:39,,
INFO_0076,task,TASK_0042,We also had some problems with authentication along the way,We also had some problems with authentication along the way,ℹ️,,1550,2026-08-29 15:48:39,,
INFO_0077,task,TASK_0042,"R$ 600,00","R$ 600,00",ℹ️,,1570,2026-08-29 15:48:39,,
INFO_0078,task,TASK_0045,"Update the ""agradecimentos"", removing Márcia and Creusa. Add CLeuza.","Update the ""agradecimentos"", removing Márcia and Creusa. Add CLeuza.",ℹ️,,1610,2026-08-29 15:48:39,,
INFO_0079,task,TASK_0045,"Minoxidil: 6/6, Revoc: 2/2 (60 pills)","Minoxidil: 6/6, Revoc: 2/2 (60 pills)",ℹ️,,1620,2026-08-29 15:48:39,,
INFO_0080,task,TASK_0047,Presentation: 30m,Presentation: 30m,ℹ️,,1650,2026-08-29 15:48:39,,
INFO_0081,task,TASK_0048,DOI do Repositório de Dados de Pesquisa da Unicamp (REDU): https://doi.org/10.25824/redu/ONWYJO,DOI do Repositório de Dados de Pesquisa da Unicamp (REDU): https://doi.org/10.25824/redu/ONWYJO,ℹ️,,1670,2026-08-29 15:48:39,,
INFO_0084,task,TASK_0056,Verify whether both British and Australian PhD programs offer scholarships or if it is restricted to the Australian program.,Verify whether both British and Australian PhD programs offer scholarships or if it is restricted to the Australian program.,ℹ️,,1820,2026-08-29 15:48:39,,
INFO_0085,task,TASK_0056,⏳ Analyze the additional costs associated with Australian and British PhD programs.,⏳ Analyze the additional costs associated with Australian and British PhD programs.,ℹ️,,1830,2026-08-29 15:48:39,,
INFO_0089,project,PROJ_0019,Fluvoxamina (Revoc brand) (watch for GI/activation; review interactions when add,Fluvoxamina (Revoc brand) (watch for GI/activation; review interactions when adding new meds),ℹ️,Daily,1920,2026-08-29 15:48:39,,
INFO_0090,project,PROJ_0019,Maintain ongoing literature review,"Maintain ongoing literature review
Confirm if committee members may ask about courses near defense
Add DOI to your research and PPT presentation base (if applicable)
Check if your student subscription is generating any cost
Monitor storage usage (keep under 5 GB)",ℹ️,Weekly,1990,2026-08-29 15:48:39,,
INFO_0099,project,PROJ_0004,20260828-142108.png,,ℹ️,,3810,2026-08-30 12:03:36,,
INFO_0100,project,PROJ_0004,20260828-101254.png,,ℹ️,,3820,2026-08-30 12:03:36,,
INFO_0101,project,PROJ_0004,20260828-101317.png,,ℹ️,,3830,2026-08-30 12:03:36,,
INFO_0102,task,TASK_0007,20260820-105844.png,,ℹ️,,3840,2026-08-30 12:03:36,,
INFO_0105,task,TASK_0029,20260817-165019.png,,ℹ️,,3870,2026-08-30 12:03:36,,
INFO_0106,task,TASK_0033,20260824-110249.png,,ℹ️,,3880,2026-08-30 12:03:36,,
INFO_0107,project,PROJ_0014,20260825-112514.png,,ℹ️,,3890,2026-08-30 12:03:36,,
INFO_0108,project,PROJ_0014,20260825-112750.png,,ℹ️,,3900,2026-08-30 12:03:36,,
INFO_0109,project,PROJ_0014,20260825-112558.png,,ℹ️,,3910,2026-08-30 12:03:36,,
INFO_0112,task,TASK_0042,20260301-203740.png,,ℹ️,,3940,2026-08-30 12:03:36,,
INFO_0117,task,TASK_0212,"ℹ️ Check your PowerPoint confidenciality level

ℹ️ Send Customer Feedback

ℹ️ Create a project case

ℹ️ Create Project KPIs",,ℹ️,,3990,2026-08-30 15:10:36,,
INFO_0118,task,TASK_0213,"RISE
- We're going to have two trainings for key users tomorrow and on Thursday
- I have also been sending some communication on the team's groups for people to engage, even though it's been difficult for them to engage
- We appointed all trainings for N8N
- We sent an invitation for all colleagues in SO and we got 57 responses
- I need to finish sending the invitations for the key users and colleagues

Data insights
- Waiting 

BPM
- We've been having discussions weekly for backlog prioritization
- While I am on vacation discussions, we'll start with Paolo for creating an API to give data from Genesis
- I have also created prototype screens for the necessary tasks that didn't have it

AI Roleplay
- Waiting",,ℹ️,,4000,2026-08-30 15:11:07,,
INFO_0119,task,TASK_0214,"ℹ️ Eu orientei a Letícia a entender quais são as expectativas da liderança em termos de generalizar ou especificar a plataforma. Ela tem uma visão de plataforma e a Fran, sua colega, que é CTG Partner, t
Eu orientei a Letícia a entender quais são as expectativas da liderança em termos de generalizar ou especificar a plataforma. Ela tem uma visão de plataforma e a Fran, sua colega, que é CTG Partner, também tem outra. O quanto a gente vai deixar ela específica para a visão de mundo de cada uma delas ou generalizar?
ℹ️ Sprint finish at end of August.
ℹ️ Paulo Luz irá criar uma API para tirar dados do Gênesis e passar para o nosso sistema do BPM.
ℹ️ Provavelmente terão duas APIs com o Genesys o Apolo.
ℹ️ As reuniões entre o Paulo e o time de desenvolvedores acontecerão no seu período de férias, então quando você retornar, entenda o que rolou.",,ℹ️,,4010,2026-08-30 15:25:13,,
INFO_0120,task,TASK_0217,https://forms.office.com/e/uGVi4LaXff,,ℹ️,,4020,2026-08-30 15:28:57,,
INFO_0122,task,TASK_0222,"Abertura e contextualização do treinamento
Abertura e contextualização do treinamento
Explicar os objetivos do treinamento.
Apresentar a visão geral do programa RISE.
Transição para o treinador técnico
Ajudar na preparação da dinâmica hands-on, se necessário.
Verificar se a estrutura para breakout rooms, grupos ou teams está pronta.
Apoiar o treinador técnico na criação dos breakout rooms.
Garantir que cada grupo tenha acesso ao case challenge correspondente.
Durante a atividade hands-on, das 10h50 às 12h00
Circular entre os breakout rooms. Perguntar se os participantes precisam de ajuda.
Apoiar dúvidas operacionais ou direcionar dúvidas técnicas ao treinador técnico, quando necessário.
Garantir que todos os grupos estejam trabalhando no case challenge proposto.
Resultados e fechamento
Apoiar a transição da apresentação dos resultados para o fechamento.
Receber a palavra do apresentador técnico no momento final.
Explicar os próximos passos do programa RISE.
Orientar os participantes sobre a aquisição dos agentes para Gemini, conforme instruído pelo Rafael.",,ℹ️,,4040,2026-08-31 09:35:40,,
INFO_0123,task,TASK_0222,Tirar foto,,ℹ️,,4050,2026-08-31 09:36:21,,
INFO_0124,task,TASK_0217,O treinamento de key-users é mandatório? sim,,ℹ️,,4060,2026-08-31 09:36:51,,
INFO_0125,task,TASK_0222,Para os treinamentos de colaboradores: 4 grupos de 5,,ℹ️,,4070,2026-08-31 09:37:09,,
INFO_0129,task,TASK_0241,https://opencode.ai/docs/,,ℹ️,,10,2026-09-03 20:08:43,,
INFO_0130,task,TASK_0242,C:\Users\fie7ca\OneDrive - Bosch Group\SO UX - LA (Internal) - BPM\05-Others\backlog-september\backlog-september.csv,,ℹ️,,10,2026-09-04 11:47:35,,
INFO_0135,task,TASK_0248,"Perguntar no cartório

Custos de cartório (Emolumentos de registro no Cartório de Registro de Imóveis; Taxas de certidão, autenticação e reconhecimento de firma)",,ℹ️,,10,2026-09-12 16:25:28,,
INFO_0137,task,TASK_0251,https://unicamp-alumni.org.br/directory,,ℹ️,,10,2026-09-14 18:10:32,,
INFO_0138,task,TASK_0251,image.png,,ℹ️,,20,2026-09-14 18:12:46,,
INFO_0141,task,TASK_0254,https://www.linkedin.com/jobs/view/4452391795/,,ℹ️,,10,2026-09-14 18:25:58,,
INFO_0142,task,TASK_0254,https://www.linkedin.com/jobs/view/4449189767/,,ℹ️,,20,2026-09-14 18:26:13,,
INFO_0168,task,TASK_0258,C:\Users\eduev\Meu Drive\17 - Projects\my-personal-repo\web\start.bat,,ℹ️,,10,2026-09-15 16:02:33,,
INFO_0171,task,TASK_0264,Isolation Warning,"Keep the puppy entirely isolated from public streets, parks, and unknown animals.",ℹ️,Vaccination Timetable,4090,2026-09-17 22:16:13,,
INFO_0172,task,TASK_0266,Socialization,Safe socialization can be done by carrying her outside so she can observe environments without touching the ground.,ℹ️,Vaccination Timetable,4100,2026-09-17 22:16:13,,
INFO_0173,task,TASK_0267,Outdoor Walks,She will be fully protected and ready for public outdoor walks 15 days after this final round.,ℹ️,Vaccination Timetable,4110,2026-09-17 22:16:13,,
INFO_0176,task,TASK_0284,"Recommended annually if the puppy will go to daycares, parks, or interact closely with other dogs.",,ℹ️,,10,2026-09-17 22:23:10,,
INFO_0177,task,TASK_0286,"Leishmaniose: Depending on veterinary guidance in the São Paulo / Nova Odessa region, this might be recommended.

Giárdia: Sometimes recommended, though considered non-core.",,ℹ️,,10,2026-09-17 22:23:59,,
INFO_0182,task,TASK_0303,Caloric and Macronutrient Breakdown,"TDEE: ~2,700 kcal/day (Mifflin-St Jeor based on 82 kg, height, age, moderate activity). Target: 2,500 kcal/day for body recomposition (mild deficit). Macros: Protein 165g (~2g/kg body weight), Fats 80g (~30% intake), Carbohydrates 280g.",ℹ️,Daily,4120,2026-09-21 19:06:59,,
INFO_0183,task,TASK_0306,https://jobs.smartrecruiters.com/BoschGroup/744000119691967-mid-level-digital-solution-architect-33992-?trid=db56bb2e-8a0c-4faa-9b8d-298f76b85aae,,ℹ️,,10,2026-09-21 21:57:01,,
INFO_0185,task,TASK_0312,C:\Users\eduev\Documents\Web projects\ai-experiments\latex\defense-comments\comments.csv,,ℹ️,,10,2026-09-23 20:51:22,,
INFO_0187,project,PROJ_0030,German Shepherd Feeding Breakdown by Life Stage,"Life stage feeding guidelines:
- 60-Day-Old Puppy (6-9 kg): 150g - 200g per day divided into 4 meals (40g - 50g per meal).
- Current 15 kg Puppy (~4 months): 250g - 350g per day divided into 3 meals (85g - 115g per meal) to support rapid growth.
- Grown Adult (30-40 kg): 350g - 500g per day divided into 2 meals (175g - 250g per meal).",ℹ️,Feeding Schedule,4130,2026-09-24 13:05:52,,
INFO_0188,project,PROJ_0030,Puppy Food Timeline and Calorie Density Notes,"Nutritional notes:
- Puppy Food Timeline: Large breeds like German Shepherds should continue eating puppy food until they are 12 to 15 months old to ensure proper bone and joint growth.
- Food Density: High-quality foods are calorie-dense; fewer grams per meal are required compared to standard foods.
- Calorie Calculation: Daily grams can be calculated precisely based on the specific brand's calorie content once brand details are known.",ℹ️,Feeding Schedule,4140,2026-09-24 13:05:52,,
INFO_0189,project,PROJ_0030,Birth date & age,,🐕,,4150,2026-09-25 11:55:01,agent,2026-07-19
INFO_0190,task,TASK_0333,Talvez você tenha que voltar a essa tabela posteriormente para checar se os capítulos permanecem os mesmos ou se as referências mudaram.,,ℹ️,,10,2026-09-26 16:54:01,,
INFO_0191,task,TASK_0333,\ref{tab:mapa-perguntas-analises},,ℹ️,,20,2026-09-26 16:54:17,,
INFO_0192,task,TASK_0335,image.png,,ℹ️,,10,2026-09-27 15:55:47,,
INFO_0193,task,TASK_0335,You are removing some articles related to sentiment analysis. So you need to update your literature review numbers,,ℹ️,,20,2026-09-27 16:12:51,,
INFO_0194,task,TASK_0335,image.png,,ℹ️,,30,2026-09-27 16:13:06,,
INFO_0195,task,TASK_0336,C:\Users\eduev\Documents\Web projects\ai-experiments\latex\defense-comments\arxiv-citados.md,,ℹ️,,10,2026-09-27 18:32:15,,
INFO_0197,task,TASK_0337,"## 🎯 Objetivos de Larissa Oliveira para o Programa RISE

Com base nas notas enviadas, o que a Larissa deseja estruturar para o programa é:

* 🔍 **Demonstrar o Processo Atual:** Ter o **Paulo Luz** demonstrando o método que utiliza hoje para compilar as horas de automação na SO.
* 🚀 **Criar uma Solução Otimizada:** Idear um fluxo otimizado para o recebimento, compilação e envio desse report de horas economizadas para a **SO Global**.
* 💡 **Avaliar Alternativas de Implementação:**
  * **Via Forms:** Solução sem custos.
  * **Via Outsystems:** Solução com custos (avaliando a possibilidade de transferir o custo para o centro de custo do ISC).
* ⚙️ **Diferenciar Ganhos Pontuais e Recorrentes:** Implementar uma dinâmica onde o usuário indica se a automação é pontual ou recorrente. Se for recorrente, o sistema deve disparar e-mails periódicos para que o usuário confirme se o ganho de automação ainda se mantém.
* 🔗 **Unificar as Horas do Programa (Outubro/2026):** Consolidar em uma única base as horas reportadas pelos key-users que foram treinados em **Gemini** e **N8N** para a próxima fase do programa.",,ℹ️,,20,2026-09-28 08:00:30,,
INFO_0198,task,TASK_0339,Maia,,ℹ️,person contacted,20,2026-09-28 08:33:53,,
INFO_0199,task,TASK_0339,Guilherme do tooling,,ℹ️,person,10,2026-09-28 08:33:59,,
INFO_0200,task,TASK_0339,Alex,,ℹ️,person contacted,30,2026-09-28 08:34:04,,
INFO_0201,task,TASK_0339,You can say that you are participating on TAR,,ℹ️,person,40,2026-09-28 08:34:32,,
INFO_0202,task,TASK_0339,That man that one day said that he has a team of developers.,,ℹ️,person,50,2026-09-28 11:19:03,,
INFO_0203,task,TASK_0339,Amanda Sá,,ℹ️,person,60,2026-09-28 11:19:13,,
INFO_0204,task,TASK_0339,Daria,,ℹ️,person,70,2026-09-28 11:19:33,,
INFO_0205,task,TASK_0339,Perform a look over and all people that you might talk to on your e-mail,,ℹ️,,80,2026-09-28 11:21:37,,
INFO_0206,task,TASK_0339,Leiry,,ℹ️,person,90,2026-09-28 11:21:45,,
INFO_0207,task,TASK_0339,Daniel Castelhano,,ℹ️,person,100,2026-09-28 11:23:20,,
INFO_0208,task,TASK_0339,Stefani,,ℹ️,person,110,2026-09-28 11:23:41,,
INFO_0209,task,TASK_0339,Linford,,ℹ️,person,120,2026-09-28 11:24:08,,
INFO_0210,task,TASK_0339,Martin Ralph,,ℹ️,person,130,2026-09-28 11:25:06,,
INFO_0211,task,TASK_0339,George Maurício,,ℹ️,person,140,2026-09-28 11:29:36,,
INFO_0212,task,TASK_0339,Larissa,,ℹ️,person,150,2026-09-28 11:29:41,,
INFO_0213,task,TASK_0339,"oi, [pessoa]! Há quanto tempo

e aí, como que vão as coisas?

eu estou entrando em contato porque estou buscando oportunidades de reposicionamento aqui dentro da Bosch

Hoje eu atuo como pesquisador e analista de dados pleno para o time de UX na SO e quero progredir na carreira para me tornar sênior (já estou no TAR por indicação da liderança). Para conseguir esse sonho, eu acabei de terminar o meu mestrado na Unicamp, onde também fiz a minha graduação, trabalhando com agentes de inteligência artificial

Já estou aqui na organização há 10 anos e quero me aposentar aqui. Gosto muito de trabalhar! Contudo, e eu acho que você já está sabendo, está acontecendo aquela absorção da SO pela GS e eu queria aproveitar essa oportunidade para tentar me reposicionar

Eu gosto muito de recuperar dados e informação de diversos sistemas, trabalhar neles usando inteligência artificial e entregar insights estratégicos. Eu não sei se você trabalha com algo parecido no seu time e se vê alguma oportunidade, porque eu adoria saber mais


Se não for o caso e tiver alguém que você possa indicar para eu conversar, também seria maravilhoso. Muito obrigado!

* Segue meu currículo",,ℹ️,mensagem,160,2026-09-28 12:13:17,,
INFO_0214,task,TASK_0339,O Pedro do CIP,,ℹ️,person,170,2026-09-28 12:19:06,,
INFO_0215,project,PROJ_0033,Escopo do Projeto,O projeto PT é considerado difícil. É um projeto pago pela cliente e o que puder ser feito servirá como abertura de portas.,ℹ️,,4160,2026-09-28 13:57:02,,
INFO_0216,project,PROJ_0033,Restrições e Sugestões,Limitar a análise a quatro empresas (sugestão anterior). Eles já sabem quem são os concorrentes.,ℹ️,,4170,2026-09-28 13:57:02,,
INFO_0217,task,TASK_0353,"Eu gostaria que você organizasse os dados abaixo e alocasse os como atividades dentro do projeto PT.

- Limitar a quatro empresas foi sugestão anterior
- Pensou em pegar informações públicas o Reclame Aqui
- Temos informações dos 
- Dos concorrentes temos acesso 
- Uma ETAPA desta analise era entender cccomo os concorrentes respondem
- Tem algum prazo? Seria pago pela cliente? É uma ajuda? Seria pago por ela. A PT é bem difícil. O que você puder fazer como abertura de portas. 
- Sempre alertamos para falar com o Maciel. Para maner a boa convivência. Maciel é o UX pro Maciel
- Analise de qualidade dos concccono ramo de Ferramentas elétricas em relação a qualidade de responsa's
- do Reclame Aqui
- O Eduardo Borges está apresentando este projeto para hoje dia vinte e oito de setembro.
- Para fim de outubro
- Estudo de PROCON
- Eles tem o quanto são os concorrentes
- Não tem nem ideia do quanto ela estaria disposta 
- Qual sua hipótese? Tempo da tratatia (demoram internamento,tanto que o prazo acaba fazendo com que escale para o caso jurídico) . Edu ficou sabendo que dão até uma ferramenta nova  
- Analise de qualidade dos concccono ramo de Ferramentas elétricas em relação a qualidade de respostas do Reclame Aqui
- O Eduardo Borges está apresentando este projeto para hoje dia vinte e oito de setembro.",,ℹ️,,10,2026-09-28 13:57:35,,
INFO_0218,task,TASK_0353,"Cotação para o cliente PT referente a:
 
 
 
Task: 0062 - Análise de qualidade comparativa com concorrentes
 
Descrição:
Resumo: Foi solicitada análise comparativa de qualidade em relação aos concorrentes, com destaque para a Dewalt, com o objetivo de entender práticas de mercado, abordagens de tratativa e possíveis diferenciais que impactam os indicadores de satisfação e reputação.
Ação: Avaliar viabilidade de análise comparativa de qualidade com concorrentes (benchmark), incluindo levantamento de práticas, tratativas e possíveis estratégias aplicadas, para identificação de oportunidades de melhoria.
 
 
 
 
O que eu havia proposto caso fosse feito por nos mesmos [Opm]:
 
1. Benchmark de concorrentes > É possível fazer sim... Comparar até 4 empresas do mesmo segmento no Reclame Aqui usando nota, reputação, volume de reclamações, índice de resposta, solução e voltaria a fazer negócio.
2. Avaliação das práticas adotadas por outras empresas na tratativa de reclamações > É possível fazer parcialmente. Lendo uma amostra de reclamações públicas e respostas das empresas, observando tom, tempo de resposta, personalização, objetividade, etc...Neste caso o que não é possível: processo interno, SLA real, alçada ou política comercial.
3. Análise de possíveis estratégias de recuperação da satisfação do cliente > É possível fazer parcialmente. Levantando hipóteses a partir dos padrões observáveis e dados públicos no RA mesmo. Deixando estabelecido que não teremos acesso à estratégia operacional da concorrência, como fluxos internos, critérios de tratativa, políticas de concessão, estrutura dedicada, SLAs reais ou regras comerciais. Portanto, qualquer conclusão deverá ser tratada como hipótese ou oportunidade observada a partir dos dados públicos
 
--
https://superopl.app.bosch.com/go/task-8864305
Task: 0062 - Análise de qualidade comparativa com concorrentes",,ℹ️,,20,2026-09-28 14:54:23,,
INFO_0219,task,TASK_0354,Proposta,,ℹ️,,10,2026-09-28 15:02:00,,
INFO_0220,task,TASK_0354,https://bosch.sharepoint.com/:p:/r/sites/msteams_5691328/Shared%20Documents/General/Projects/Internal%20Projects/Other%20Divisons/PT/Estudo%20Reclame%20Aqui%20-%20PT/00_Proposal/PropostaUX-EstudoReclameAqui-PT.pptx?d=weacc84ede5324179ad06f31f1e12c1a6&csf=1&web=1&e=THP0E4,,ℹ️,,20,2026-09-28 15:02:03,,
INFO_0221,task,TASK_0354,Pasta,,ℹ️,,30,2026-09-28 15:02:21,,
INFO_0222,task,TASK_0354,https://bosch.sharepoint.com/sites/msteams_5691328/Shared%20Documents/Forms/AllItems.aspx?id=%2Fsites%2Fmsteams%5F5691328%2FShared%20Documents%2FGeneral%2FProjects%2FInternal%20Projects%2FOther%20Divisons%2FPT%2FEstudo%20Reclame%20Aqui%20%2D%20PT&p=true&ct=1790616148705&or=Teams%2DHL&ga=1&LOF=1,,ℹ️,,40,2026-09-28 15:02:24,,
INFO_0223,task,TASK_0354,Timeline CSV,,ℹ️,,50,2026-09-28 15:25:16,,
INFO_0224,task,TASK_0354,C:\Users\fie7ca\OneDrive - Bosch Group\14-my-notes\work\pt-reclame-aqui\timeline.csv,,ℹ️,,60,2026-09-28 15:25:19,,
INFO_0225,task,TASK_0360,image.png,,ℹ️,,10,2026-09-29 10:02:35,,
INFO_0226,task,TASK_0361,n8n,,ℹ️,,10,2026-09-29 10:14:57,,
INFO_0227,task,TASK_0361,https://bosch.sharepoint.com/:f:/r/sites/msteams_d8ea0823-PlanejamentoeGovernana/Shared%20Documents/Governan%C3%A7a/Treinamentos/Programa%20RISE/n8n?d=w3d61e328a2494f41afe088870901d16d&csf=1&web=1&e=SYXKAc,,ℹ️,,20,2026-09-29 10:14:59,,
INFO_0228,task,TASK_0361,gemini,,ℹ️,,30,2026-09-29 10:19:14,,
INFO_0229,task,TASK_0361,https://bosch-my.sharepoint.com/shared?listurl=https%3A%2F%2Fbosch%2Dmy%2Esharepoint%2Ecom%2Fpersonal%2Ffie7ca%5Fbosch%5Fcom%2FDocuments&id=%2Fpersonal%2Ffie7ca%5Fbosch%5Fcom%2FDocuments%2FRecordings&FolderCTID=0x012000EA8CCE0AACB0EF469FB676A7470D5B32,,ℹ️,,40,2026-09-29 10:19:18,,
