id,plan_id,section_path,line,sort_order
PRES_0001,PLAN_0002,Phase 1: Foundation Refinement (Months 1-3) > 1. Grammar Mastery > Month 1: Core Advanced Structures > Passive Voice,- [All the grammar you need to master to say you have a C1 level in English](https://www.youtube.com/watch?v=w7ZZdVlpOeo),1
PRES_0002,PLAN_0002,Phase 1: Foundation Refinement (Months 1-3) > 1. Grammar Mastery > Month 1: Core Advanced Structures > Passive Voice,- [Passive Voice in English (Advanced): Active And Passive Voice Rules](https://www.youtube.com/watch?v=LVv5cRTjgc8),2
PRES_0003,PLAN_0002,Phase 1: Foundation Refinement (Months 1-3) > 1. Grammar Mastery > Month 1: Core Advanced Structures > Articles and Determiners,- [Transform Your English with Determiners: Complete Guide](https://www.youtube.com/watch?v=vebrAg8_ZeU),3
PRES_0004,PLAN_0002,Phase 1: Foundation Refinement (Months 1-3) > 1. Grammar Mastery > Month 1: Core Advanced Structures > Articles and Determiners,- [English Grammar Advanced | Determiners and Quantifiers](https://www.youtube.com/watch?v=JVW6LqA_jNk),4
PRES_0005,PLAN_0002,Phase 1: Foundation Refinement (Months 1-3) > 1. Grammar Mastery > Month 1: Core Advanced Structures > Articles and Determiners,- [Determiners In English Grammar With Examples | Quantifiers](https://www.youtube.com/watch?v=WwYEeRzPnsY),5
PRES_0006,PLAN_0002,Phase 1: Foundation Refinement (Months 1-3) > 1. Grammar Mastery > Month 2: Conditional & Modal Systems > Modal Verbs,"- [MODAL VERBS: All you need to know about CAN, COULD, MAY, MIGHT, MUST, SHOULD, SHALL, WILL and WOULD](https://www.youtube.com/watch?v=36wG9pSYu7Q)",6
PRES_0007,PLAN_0002,Phase 1: Foundation Refinement (Months 1-3) > 1. Grammar Mastery > Month 2: Conditional & Modal Systems > Modal Verbs,- [85 Modal Verb Rules (including 30 Advanced English rules for C2)](https://www.youtube.com/watch?v=sqGkCpvC4K4),7
PRES_0008,PLAN_0002,Phase 1: Foundation Refinement (Months 1-3) > 1. Grammar Mastery > Month 2: Conditional & Modal Systems > Conditional Sentences,"- [ALL CONDITIONALS | 0,1,2,3 and MIXED CONDITIONALS - English Grammar](https://www.youtube.com/watch?v=O_a-79E0ZUk)",8
PRES_0009,PLAN_0002,Phase 1: Foundation Refinement (Months 1-3) > 1. Grammar Mastery > Month 2: Conditional & Modal Systems > Conditional Sentences,- [Compare ALL English Conditional Sentences (with examples!)](https://www.youtube.com/watch?v=mJS9Dh5hPNg),9
PRES_0010,PLAN_0002,Phase 1: Foundation Refinement (Months 1-3) > 1. Grammar Mastery > Month 3: Complex Verb Patterns > Reported Speech,- [Master Reported Speech in 15 minutes! (3 Simple Steps)](https://www.youtube.com/watch?v=Mi9UPE2C91I),10
PRES_0011,PLAN_0002,Phase 1: Foundation Refinement (Months 1-3) > 1. Grammar Mastery > Month 3: Complex Verb Patterns > Causative Verbs / Causative Constructions,- [CAUSATIVE VERBS - HAVE | GET | MAKE | LET - English grammar lesson](https://www.youtube.com/watch?v=z960ck7wBBs),11
PRES_0012,PLAN_0002,Phase 1: Foundation Refinement (Months 1-3) > 1. Grammar Mastery > Month 3: Complex Verb Patterns > Verbs of Perception,- [Verbs of perception: watch someone do vs. watch someone doing](https://www.youtube.com/watch?v=JXIJUeY146k),12
PRES_0013,PLAN_0002,Phase 1: Foundation Refinement (Months 1-3) > 1. Grammar Mastery > Month 3: Complex Verb Patterns > Verbs of Perception,- [Grammar Series - Verbs of Perception](https://www.youtube.com/watch?v=VgTtRgeeTqs),13
PRES_0014,PLAN_0002,Phase 1: Foundation Refinement (Months 1-3) > 1. Grammar Mastery > Month 3: Complex Verb Patterns > Infinitive vs. Gerund,- [66 Gerund and Infinitive Rules (Advanced English)](https://www.youtube.com/watch?v=H01VLV0IMqQ),14
PRES_0015,PLAN_0002,Phase 1: Foundation Refinement (Months 1-3) > 1. Grammar Mastery > Month 3: Complex Verb Patterns > Advanced Grammar Components,- [Everything You Need to Know about the English Subjunctive in 25 Minutes](https://www.youtube.com/watch?v=Rnz19FxwznA),15
PRES_0016,PLAN_0002,Phase 1: Foundation Refinement (Months 1-3) > 1. Grammar Mastery > Month 3: Complex Verb Patterns > Advanced Grammar Components,- [If I Was vs If I Were | Common English Mistake | Subjunctive Mood](https://www.youtube.com/watch?v=ZYoCKZ34tys),16
PRES_0017,PLAN_0002,Phase 1: Foundation Refinement (Months 1-3) > 1. Grammar Mastery > Month 3: Complex Verb Patterns > Advanced Grammar Components,- [CLEFT SENTENCES Made Easy | All 6 Types Explained](https://www.youtube.com/watch?v=zubBOxy6Qu4),17
PRES_0018,PLAN_0002,Phase 1: Foundation Refinement (Months 1-3) > 1. Grammar Mastery > Month 3: Complex Verb Patterns > Advanced Grammar Components,- [Inversion - Advanced English Grammar](https://www.youtube.com/watch?v=JvKVbVxmPHw),18
PRES_0019,PLAN_0002,Phase 1: Foundation Refinement (Months 1-3) > 1. Grammar Mastery > Month 3: Complex Verb Patterns > Advanced Grammar Components,- [BBC English Masterclass: Inversion 1: After Negative or Limiting Adverbs](https://www.youtube.com/watch?v=AzNxZGC-Hg0),19
PRES_0020,PLAN_0002,Phase 1: Foundation Refinement (Months 1-3) > 1. Grammar Mastery > Month 3: Complex Verb Patterns > Advanced Grammar Components,- [Grammar Hacks: Speak Like a Native with Ellipsis & Substitution!](https://www.youtube.com/watch?v=0pBya-GXe2g),20
PRES_0021,PLAN_0002,Phase 1: Foundation Refinement (Months 1-3) > 2. Sentence Construction & Syntax > Month 1: Advanced Sentence Patterns > Relative Clauses,- [Upgrade Your English: Use Relative Clauses Like a Native Speaker](https://www.youtube.com/watch?v=4KYsJbYoqDg),21
PRES_0022,PLAN_0002,Phase 1: Foundation Refinement (Months 1-3) > 2. Sentence Construction & Syntax > Months 2-3: Complex Constructions > Advanced Constructions,- [Advanced English Grammar: How to Use Participle Clauses](https://www.youtube.com/watch?v=YtRQRYUkkrI),22
PRES_0023,PLAN_0002,Phase 1: Foundation Refinement (Months 1-3) > 2. Sentence Construction & Syntax > Months 2-3: Complex Constructions > Advanced Constructions,- [Nominalization in English | Turn Verbs and Adjectives into Nouns for Academic Writing](https://www.youtube.com/watch?v=ny04gdSiItA),23
PRES_0024,PLAN_0002,Phase 1: Foundation Refinement (Months 1-3) > 3. Parts of Speech > Nouns and Plurals,- [English for Beginners: Countable & Uncountable Nouns](https://www.youtube.com/watch?v=bhgzqbv9Rxk),24
PRES_0025,PLAN_0002,Phase 1: Foundation Refinement (Months 1-3) > 3. Parts of Speech > Pronouns,"- [Subject, Object, Possessive & Reflexive Pronouns for Beginners](https://www.youtube.com/watch?v=HzVVzdSKd2A)",25
PRES_0026,PLAN_0002,Phase 1: Foundation Refinement (Months 1-3) > 3. Parts of Speech > Adjectives and Adverbs,- [Word Order of Adjectives - Learn English Grammar](https://www.youtube.com/watch?v=46_M9mS71R8),26
PRES_0027,PLAN_0002,Phase 1: Foundation Refinement (Months 1-3) > 3. Parts of Speech > Adverbs vs. Prepositions,- [Preposition or Adverb](https://www.youtube.com/watch?v=7-PhPbA-Y8o),27
PRES_0028,PLAN_0002,Phase 1: Foundation Refinement (Months 1-3) > 4. Vocabulary Development > Prepositions,"- [Prepositions Explained: Master Place, Time & Direction Easily](https://www.youtube.com/watch?v=gkXlBPOStag)",28
PRES_0029,PLAN_0002,Phase 1: Foundation Refinement (Months 1-3) > 4. Vocabulary Development > Phrasal Verbs,- [Best Way to Remember Phrasal Verbs (Easiest Method!)](https://www.youtube.com/watch?v=utVSFiBe9Vs),29
PRES_0030,PLAN_0002,Phase 1: Foundation Refinement (Months 1-3) > 4. Vocabulary Development > Advanced Vocabulary Components,- [10 ADVANCED COLLOCATIONS YOU NEED TO KNOW! C1 & C2 level vocabulary](https://www.youtube.com/watch?v=gHmMWBpUzgc),30
PRES_0031,PLAN_0002,Phase 1: Foundation Refinement (Months 1-3) > 4. Vocabulary Development > Advanced Vocabulary Components,- [20 MUST-LEARN Advanced Adverb Collocations | TOTAL ENGLISH BOOST](https://www.youtube.com/watch?v=nkCUV2AcfiQ),31
PRES_0032,PLAN_0002,Phase 1: Foundation Refinement (Months 1-3) > 4. Vocabulary Development > Advanced Vocabulary Components,- [Most Common English Idioms | Speak Like a Native](https://www.youtube.com/watch?v=8pon6QezXyw),32
PRES_0033,PLAN_0002,Phase 1: Foundation Refinement (Months 1-3) > 4. Vocabulary Development > Advanced Vocabulary Components,"- [100 Powerful Academic Collocations for Professional, High-Level English](https://www.youtube.com/watch?v=jAYhLE6bfk8)",33
PRES_0034,PLAN_0002,Phase 1: Foundation Refinement (Months 1-3) > 4. Vocabulary Development > Advanced Vocabulary Components,- [PREFIXES & SUFFIXES | English Lesson](https://www.youtube.com/watch?v=uc8AgRPyFe8),34
PRES_0035,PLAN_0002,Phase 1: Foundation Refinement (Months 1-3) > 4. Vocabulary Development > Advanced Vocabulary Components,- [Word Formation Practice: Prefixes & Suffixes for Beginners](https://www.youtube.com/watch?v=Ql9Dqv-UE6k),35
PRES_0036,PLAN_0002,Phase 1: Foundation Refinement (Months 1-3) > 4. Vocabulary Development > Advanced Vocabulary Components,"- [Formal, Neutral, Informal: Say it the right way in English!](https://www.youtube.com/watch?v=YMomUIxSrFQ)",36
PRES_0037,PLAN_0002,Phase 1: Foundation Refinement (Months 1-3) > 4. Vocabulary Development > Confusing Word Pairs,"- [PREPOSITIONS in English: under, below, beneath, underneath](https://www.youtube.com/watch?v=7jIqZjfx_uM)",37
PRES_0038,PLAN_0002,Phase 1: Foundation Refinement (Months 1-3) > 4. Vocabulary Development > Confusing Word Pairs,- [Stop Confusing TO and FOR! Simple English Grammar Lesson](https://www.youtube.com/watch?v=rea5vPw8-dk),38
PRES_0039,PLAN_0002,Phase 1: Foundation Refinement (Months 1-3) > 4. Vocabulary Development > Confusing Word Pairs,- [Someone vs Somebody | Which One Should You Use?](https://www.youtube.com/watch?v=eEy9sDWPppE),39
PRES_0040,PLAN_0002,Phase 1: Foundation Refinement (Months 1-3) > 4. Vocabulary Development > Confusing Word Pairs,"- [Writing: Transitions – THEREFORE, THUS, CONSEQUENTLY](https://www.youtube.com/watch?v=vL05g8eW10s)",40
PRES_0041,PLAN_0002,Phase 1: Foundation Refinement (Months 1-3) > 4. Vocabulary Development > Confusing Word Pairs,"- [The Pronunciation and Meaning of: Though, Thought, Tough, Thorough, Through, and Throughout](https://www.youtube.com/watch?v=-Bjk92yDWEM)",41
PRES_0042,PLAN_0002,Phase 1: Foundation Refinement (Months 1-3) > 4. Vocabulary Development > Confusing Word Pairs,- [Stop Confusing These Words | Lose or Loose? Advice or Advise? Affect or Effect?](https://www.youtube.com/watch?v=2q33rqAhtak),42
PRES_0043,PLAN_0002,Phase 2: Productive Skills Excellence (Months 4-9) > 5. Speaking & Pronunciation > Months 4-5: Pronunciation Mastery > Accent Reduction,- [Connected Speech in English Pronunciation (COMPLETE MASTER CLASS)](https://www.youtube.com/watch?v=Nbp--6rPq0Q),43
PRES_0044,PLAN_0002,Phase 2: Productive Skills Excellence (Months 4-9) > 5. Speaking & Pronunciation > Months 6-7: Fluency Development > Conversational Strategies,- [The Art of Conversation: Mastering Turn-taking in English](https://www.youtube.com/watch?v=82e4SD7-Hvc),44
PRES_0045,PLAN_0002,Phase 2: Productive Skills Excellence (Months 4-9) > 5. Speaking & Pronunciation > Months 6-7: Fluency Development > Conversational Strategies,- [Discourse Markers: Sound Fluent & Natural](https://www.youtube.com/watch?v=RIDroWSpyvg),45
PRES_0046,PLAN_0002,Phase 2: Productive Skills Excellence (Months 4-9) > 5. Speaking & Pronunciation > Months 8-9: Advanced Speaking Skills > Sociolinguistic Competence,- [50 Phrases You NEED to Sound Confident & Professional in Presentations](https://www.youtube.com/watch?v=Ri4zLmpyz-E),46
PRES_0047,PLAN_0002,Phase 2: Productive Skills Excellence (Months 4-9) > 5. Speaking & Pronunciation > Months 8-9: Advanced Speaking Skills > Sociolinguistic Competence,- [English Debate Skills and Argumentation](https://www.youtube.com/watch?v=bIxm-2FLEOk),47
PRES_0048,PLAN_0002,Phase 2: Productive Skills Excellence (Months 4-9) > 6. Listening Comprehension > Months 4-6: Active Listening Skills,- [Active Listening Skills Training](https://www.youtube.com/watch?v=Ra6L83XwLko),48
PRES_0049,PLAN_0002,Phase 2: Productive Skills Excellence (Months 4-9) > 6. Listening Comprehension > Months 7-9: Advanced Listening,- [How to study efficiently: The Cornell Notes Method](https://www.youtube.com/watch?v=xSYnGhlnzyw),49
PRES_0050,PLAN_0002,Phase 2: Productive Skills Excellence (Months 4-9) > 7. Writing Proficiency > Months 4-6: Writing Fundamentals,- [How to Write a Topic Sentence? | Scribbr](https://www.youtube.com/watch?v=2R-9T9TgGnE),50
PRES_0051,PLAN_0002,Phase 2: Productive Skills Excellence (Months 4-9) > 7. Writing Proficiency > Months 4-6: Writing Fundamentals,- [Linking words for your English exam: Alternatives to the most common connectors](https://www.youtube.com/watch?v=r76lyzmwroY),51
PRES_0052,PLAN_0002,Phase 2: Productive Skills Excellence (Months 4-9) > 7. Writing Proficiency > Months 7-9: Advanced Writing Skills,"- [Writing Emails In English - Formal, Semi-Formal or Informal?](https://www.youtube.com/watch?v=xKuWPbJvD-Q)",52
PRES_0053,PLAN_0002,Phase 2: Productive Skills Excellence (Months 4-9) > 7. Writing Proficiency > Months 7-9: Advanced Writing Skills,- [English Creative Writing Tips for Beginners](https://www.youtube.com/watch?v=izS48xjdDOs),53
PRES_0054,PLAN_0002,Phase 2: Productive Skills Excellence (Months 4-9) > 8. Reading Comprehension > Months 4-6: Reading Skills Development,- [Boost Your Reading Speed: Mastering Skimming Techniques](https://www.youtube.com/watch?v=r1lWGoDX27c),54
PRES_0055,PLAN_0002,Phase 2: Productive Skills Excellence (Months 4-9) > 8. Reading Comprehension > Months 4-6: Reading Skills Development,- [Reading Strategies: Context Clues](https://www.youtube.com/watch?v=VxZ12vCjfUA),55
PRES_0056,PLAN_0002,Phase 2: Productive Skills Excellence (Months 4-9) > 8. Reading Comprehension > Months 7-9: Advanced Reading,- [TOP Speed Reading Techniques to Help You Read Faster](https://www.youtube.com/watch?v=nOp9KAXgOOU),56
PRES_0057,PLAN_0002,Phase 3: Refinement & Mastery (Months 10-12) > 9. Integrated Skills & Real-World Application > Month 10: Functional Integration,- [English Culture: Manners & How to be polite](https://www.youtube.com/watch?v=8hV7lJyC3Eg),57
PRES_0058,PLAN_0002,Phase 3: Refinement & Mastery (Months 10-12) > 9. Integrated Skills & Real-World Application > Month 11: Specialized English,- [Basic English vs Business English: Speak Smart at Work](https://www.youtube.com/shorts/svGXsNBrHDg),58
PRES_0059,PLAN_0002,Phase 3: Refinement & Mastery (Months 10-12) > 9. Integrated Skills & Real-World Application > Month 11: Specialized English,- [Clear and Concise Technical Writing](https://www.youtube.com/watch?v=lbzggxg_Xfo),59
PRES_0060,PLAN_0002,Phase 3: Refinement & Mastery (Months 10-12) > 9. Integrated Skills & Real-World Application > Month 11: Specialized English,- [Learn MEDICAL Vocabulary in English](https://www.youtube.com/watch?v=IW22_OnpS5Y),60
PRES_0061,PLAN_0002,Phase 3: Refinement & Mastery (Months 10-12) > 9. Integrated Skills & Real-World Application > Month 11: Specialized English,- [Learn Business English Vocabulary - Basic Legal Vocabulary](https://www.youtube.com/watch?v=sDcTXidHhNU),61
PRES_0062,PLAN_0002,Phase 3: Refinement & Mastery (Months 10-12) > 9. Integrated Skills & Real-World Application > Month 11: Specialized English,- [Discourse Analysis 101: What Is It & When To Use It (With Examples)](https://www.youtube.com/watch?v=EKqXWuWcJvI),62
PRES_0063,PLAN_0002,Phase 3: Refinement & Mastery (Months 10-12) > 9. Integrated Skills & Real-World Application > Month 11: Specialized English,- [Discourse Markers: English Language Revision](https://www.youtube.com/watch?v=upXa6zdcSUw),63
PRES_0064,PLAN_0003,Phase 1: Basic User (A1 – A2) – Foundation and Routine Communication > Months 1–3: CEFR Level A1 (Absolute Beginner) > 1. Phonetics and Pronunciation Foundation,- [Deutsch für Euch: German Pronunciation & Alphabet](https://www.youtube.com/results?search_query=Deutsch+f%C3%BCr+Euch+Pronunciation),1
PRES_0065,PLAN_0003,Phase 1: Basic User (A1 – A2) – Foundation and Routine Communication > Months 1–3: CEFR Level A1 (Absolute Beginner) > 1. Phonetics and Pronunciation Foundation,- [Fluent Forever: German Pronunciation - Vowels and Consonants](https://www.youtube.com/results?search_query=Fluent+Forever+German+Pronunciation),2
PRES_0066,PLAN_0003,Phase 1: Basic User (A1 – A2) – Foundation and Routine Communication > Months 1–3: CEFR Level A1 (Absolute Beginner) > 2. Core Grammar: Sentence Structure & Verbs,- [Lingoni German (Jenny): Complete A1 Playlist](https://www.youtube.com/results?search_query=Lingoni+German+A1+Playlist),3
PRES_0067,PLAN_0003,Phase 1: Basic User (A1 – A2) – Foundation and Routine Communication > Months 1–3: CEFR Level A1 (Absolute Beginner) > 2. Core Grammar: Sentence Structure & Verbs,- [Learn German with Anja: Full A1 Course](https://www.youtube.com/results?search_query=Learn+German+with+Anja+Full+A1+Course),4
PRES_0068,PLAN_0003,"Phase 1: Basic User (A1 – A2) – Foundation and Routine Communication > Months 1–3: CEFR Level A1 (Absolute Beginner) > 3. Core Grammar: Nouns, Cases & Negation",- [YourGermanTeacher: A1.1 Grammar - Nominative and Accusative](https://www.youtube.com/results?search_query=YourGermanTeacher+A1.1+Nominative+Accusative),5
PRES_0069,PLAN_0003,"Phase 1: Basic User (A1 – A2) – Foundation and Routine Communication > Months 1–3: CEFR Level A1 (Absolute Beginner) > 3. Core Grammar: Nouns, Cases & Negation",- [Learn German with Herr Antrim: A1 Beginner Crash Course](https://www.youtube.com/results?search_query=Learn+German+with+Herr+Antrim+A1),6
PRES_0070,PLAN_0003,Phase 1: Basic User (A1 – A2) – Foundation and Routine Communication > Months 1–3: CEFR Level A1 (Absolute Beginner) > 4. Vocabulary Acquisition (500–650 Words),- [Natürlich German: A1 Comprehensible Input (Storytelling)](https://www.youtube.com/results?search_query=Naturlich+German+A1),7
PRES_0071,PLAN_0003,"Phase 1: Basic User (A1 – A2) – Foundation and Routine Communication > Months 1–3: CEFR Level A1 (Absolute Beginner) > 5. Listening, Reading, and Writing",- **Video:** [Easy German: Super Easy German (Absolute Beginners)](https://www.youtube.com/results?search_query=Super+Easy+German),8
PRES_0072,PLAN_0003,"Phase 1: Basic User (A1 – A2) – Foundation and Routine Communication > Months 1–3: CEFR Level A1 (Absolute Beginner) > 5. Listening, Reading, and Writing","- **Video:** [Deutsch lernen mit der DW: Nicos Weg (A1)](https://www.youtube.com/results?search_query=DW+Nicos+Weg+A1) — CEFR-aligned narrative course; use interactive exercises, transcripts, and vocabulary on the [DW Nicos Weg course hub](https://learngerman.dw.com/nicos-weg/c-36519789) alongside the episodes.",9
PRES_0073,PLAN_0003,"Phase 1: Basic User (A1 – A2) – Foundation and Routine Communication > Months 1–3: CEFR Level A1 (Absolute Beginner) > 5. Listening, Reading, and Writing","- **Reading:** Use A1 graded readers (e.g., _Dino lernt Deutsch_ by André Klein).",10
PRES_0074,PLAN_0003,"Phase 1: Basic User (A1 – A2) – Foundation and Routine Communication > Months 1–3: CEFR Level A1 (Absolute Beginner) > 5. Listening, Reading, and Writing","- **Textbook Check:** Supplement with a structured workbook (e.g., _Menschen A1_ or _Schritte Plus_).",11
PRES_0075,PLAN_0003,Phase 1: Basic User (A1 – A2) – Foundation and Routine Communication > Months 4–6: CEFR Level A2 (Advanced Beginner) > 1. Advanced Syntax: Subordinate Clauses & Word Order,"- [Learn German with Anja: Subordinate Clauses (dass, weil, wenn)](https://www.youtube.com/results?search_query=Learn+German+with+Anja+Subordinate+Clauses)",12
PRES_0076,PLAN_0003,Phase 1: Basic User (A1 – A2) – Foundation and Routine Communication > Months 4–6: CEFR Level A2 (Advanced Beginner) > 2. Temporal Scope: Past Tenses,- [YourGermanTeacher: The Perfekt Tense in German](https://www.youtube.com/results?search_query=YourGermanTeacher+Perfekt+Tense),13
PRES_0077,PLAN_0003,"Phase 1: Basic User (A1 – A2) – Foundation and Routine Communication > Months 4–6: CEFR Level A2 (Advanced Beginner) > 3. Morphological Complexity: Dative, Genitive & Adjectives",- [Lingoni German (Jenny): Complete A2 Playlist](https://www.youtube.com/results?search_query=Lingoni+German+A2+Playlist),14
PRES_0078,PLAN_0003,"Phase 1: Basic User (A1 – A2) – Foundation and Routine Communication > Months 4–6: CEFR Level A2 (Advanced Beginner) > 3. Morphological Complexity: Dative, Genitive & Adjectives",- [Learn German: Dative Case and Wechselpräpositionen](https://www.youtube.com/results?search_query=German+Dative+Case+Wechselprapositionen),15
PRES_0079,PLAN_0003,"Phase 1: Basic User (A1 – A2) – Foundation and Routine Communication > Months 4–6: CEFR Level A2 (Advanced Beginner) > 4. Vocabulary (up to 1,500 Words), Speaking & Early Culture",- **Video:** [Easy German: A2 / Advanced Beginners Playlist](https://www.youtube.com/results?search_query=Easy+German+A2+Playlist),16
PRES_0080,PLAN_0003,"Phase 1: Basic User (A1 – A2) – Foundation and Routine Communication > Months 4–6: CEFR Level A2 (Advanced Beginner) > 4. Vocabulary (up to 1,500 Words), Speaking & Early Culture",- **Video:** [Benjamin - Der Deutschlehrer: A2 Sprechen & Vocabulary](https://www.youtube.com/results?search_query=Benjamin+Der+Deutschlehrer+A2),17
PRES_0081,PLAN_0003,"Phase 1: Basic User (A1 – A2) – Foundation and Routine Communication > Months 4–6: CEFR Level A2 (Advanced Beginner) > 5. Listening, Reading, and Writing",- **Video:** [Deutsch mit Marija: A2 Exam Preparation](https://www.youtube.com/results?search_query=Deutsch+mit+Marija+A2),18
PRES_0082,PLAN_0003,"Phase 1: Basic User (A1 – A2) – Foundation and Routine Communication > Months 4–6: CEFR Level A2 (Advanced Beginner) > 5. Listening, Reading, and Writing",- **Video:** [Deutsch lernen with der DW: Nicos Weg (A2)](https://www.youtube.com/results?search_query=DW+Nicos+Weg+A2) — continue the storyline and level progression (same [DW Nicos Weg course hub](https://learngerman.dw.com/nicos-weg/c-36519789) for exercises and transcripts as in A1).,19
PRES_0083,PLAN_0003,"Phase 1: Basic User (A1 – A2) – Foundation and Routine Communication > Months 4–6: CEFR Level A2 (Advanced Beginner) > 5. Listening, Reading, and Writing","- **Reading:** A2 graded readers (e.g., _Baumgartner & Momsen_ series).",20
PRES_0084,PLAN_0003,"Phase 1: Basic User (A1 – A2) – Foundation and Routine Communication > Months 4–6: CEFR Level A2 (Advanced Beginner) > 5. Listening, Reading, and Writing",- **Textbook Check:** Grammar drills using _Grammatik Aktiv A1-B1_.,21
PRES_0085,PLAN_0003,Phase 2: Independent User (B1 – B2) – Intermediate Fluency and Expression > Months 7–10: CEFR Level B1 (Intermediate) > 1. Syntactical Depth & Cohesion,- [YourGermanTeacher: B1 Grammar - Relative Clauses & Konjunktiv II](https://www.youtube.com/results?search_query=YourGermanTeacher+B1+Relative+Clauses+Konjunktiv+II),22
PRES_0086,PLAN_0003,"Phase 2: Independent User (B1 – B2) – Intermediate Fluency and Expression > Months 7–10: CEFR Level B1 (Intermediate) > 2. Advanced Verbs, Tenses & Adjectives",- [Lingoni German: B1 Playlist (Grammar & Verbs)](https://www.youtube.com/results?search_query=Lingoni+German+B1+Playlist),23
PRES_0087,PLAN_0003,"Phase 2: Independent User (B1 – B2) – Intermediate Fluency and Expression > Months 7–10: CEFR Level B1 (Intermediate) > 3. Vocabulary (up to 3,000 Words), Pragmatics & Live Interaction",- **Video:** [Easy German: B1 Intermediate Playlist](https://www.youtube.com/results?search_query=Easy+German+B1+Playlist),24
PRES_0088,PLAN_0003,"Phase 2: Independent User (B1 – B2) – Intermediate Fluency and Expression > Months 7–10: CEFR Level B1 (Intermediate) > 3. Vocabulary (up to 3,000 Words), Pragmatics & Live Interaction",- **Podcast:** [Expertly German: B1/B2 Podcasts for Professional Dialogues](https://www.youtube.com/results?search_query=Expertly+German+B1+B2+Podcast),25
PRES_0089,PLAN_0003,"Phase 2: Independent User (B1 – B2) – Intermediate Fluency and Expression > Months 7–10: CEFR Level B1 (Intermediate) > 4. Listening, Reading, and Writing",- **Video:** [Deutsch lernen mit der DW: Nicos Weg (B1 Movie)](https://www.youtube.com/results?search_query=Nicos+Weg+B1+Movie),26
PRES_0090,PLAN_0003,"Phase 2: Independent User (B1 – B2) – Intermediate Fluency and Expression > Months 7–10: CEFR Level B1 (Intermediate) > 4. Listening, Reading, and Writing",- **News Platform:** Deutsche Welle (DW) _Top-Thema_ (B1 reading with audio).,27
PRES_0091,PLAN_0003,"Phase 2: Independent User (B1 – B2) – Intermediate Fluency and Expression > Months 7–10: CEFR Level B1 (Intermediate) > 4. Listening, Reading, and Writing",- **Textbook Check:** Transition to _B-Grammatik_ by Schubert-Verlag.,28
PRES_0092,PLAN_0003,Phase 2: Independent User (B1 – B2) – Intermediate Fluency and Expression > Months 11–15: CEFR Level B2 (Upper Intermediate) > 1. Nuanced Grammar & Collocations,- [YourGermanTeacher: Nomen-Verb-Verbindungen Mastery](https://www.youtube.com/results?search_query=Nomen-Verb-Verbindungen+German+B2),29
PRES_0093,PLAN_0003,Phase 2: Independent User (B1 – B2) – Intermediate Fluency and Expression > Months 11–15: CEFR Level B2 (Upper Intermediate) > 1. Nuanced Grammar & Collocations,- [Learn German with Herr Antrim: B2 Grammar Master Classes](https://www.youtube.com/results?search_query=Learn+German+with+Herr+Antrim+B2+Grammar),30
PRES_0094,PLAN_0003,"Phase 2: Independent User (B1 – B2) – Intermediate Fluency and Expression > Months 11–15: CEFR Level B2 (Upper Intermediate) > 2. Vocabulary (5,000–6,000 Words) & Intensive Live Interaction",- **Podcast:** [Easy German: B2 Upper Intermediate Podcast Episodes](https://www.youtube.com/results?search_query=Easy+German+B2+Podcast),31
PRES_0095,PLAN_0003,"Phase 2: Independent User (B1 – B2) – Intermediate Fluency and Expression > Months 11–15: CEFR Level B2 (Upper Intermediate) > 3. High-Level Listening, Reading, and Writing",- **News Platform:** Deutsche Welle (DW) _Video-Thema_ and _Ticket nach Berlin_.,32
PRES_0096,PLAN_0003,"Phase 2: Independent User (B1 – B2) – Intermediate Fluency and Expression > Months 11–15: CEFR Level B2 (Upper Intermediate) > 3. High-Level Listening, Reading, and Writing",- **Grammar Practice:** _Grammatik Aktiv B2-C1_.,33
PRES_0097,PLAN_0003,"Phase 2: Independent User (B1 – B2) – Intermediate Fluency and Expression > Months 11–15: CEFR Level B2 (Upper Intermediate) > 3. High-Level Listening, Reading, and Writing",- **Video:** [DeutschLera: B2/C1 Briefe schreiben (Advanced Writing Expression)](https://www.youtube.com/results?search_query=DeutschLera+B2+C1+Briefe+schreiben),34
PRES_0098,PLAN_0003,Phase 3: Proficient User (C1 – C2) – Advanced Mastery and Academic Fluency > Months 16–21: CEFR Level C1 (Advanced) > 1. Stylistic Variation & Rhetorical Impact,- [Deutsch mit Marija: C1/C2 Grammar & Sprachgefühl](https://www.youtube.com/results?search_query=Deutsch+mit+Marija+C1+C2),35
PRES_0099,PLAN_0003,Phase 3: Proficient User (C1 – C2) – Advanced Mastery and Academic Fluency > Months 16–21: CEFR Level C1 (Advanced) > 1. Stylistic Variation & Rhetorical Impact,- [Djudsland: Mastering C1/C2 Schreiben & Nominalstil](https://www.youtube.com/results?search_query=Djudsland+Mastering+C1+Schreiben),36
PRES_0100,PLAN_0003,Phase 3: Proficient User (C1 – C2) – Advanced Mastery and Academic Fluency > Months 16–21: CEFR Level C1 (Advanced) > 2. Specialized Vocabulary & Pragmatics,- [SmarterGerman: Advanced C1 Vocabulary & Learning Techniques](https://www.youtube.com/results?search_query=SmarterGerman+C1),37
PRES_0101,PLAN_0003,Phase 3: Proficient User (C1 – C2) – Advanced Mastery and Academic Fluency > Months 16–21: CEFR Level C1 (Advanced) > 2. Specialized Vocabulary & Pragmatics,- [Learn German (Original): B2-C1 Podcasts - Mastery of Füllwörter](https://www.youtube.com/results?search_query=Learn+German+Original+C1+Podcast),38
PRES_0102,PLAN_0003,"Phase 3: Proficient User (C1 – C2) – Advanced Mastery and Academic Fluency > Months 16–21: CEFR Level C1 (Advanced) > 3. Academic Reading, Listening, and Essay Structuring",- **Video:** [Benjamin - Der Deutschlehrer: C1 Exam & Advanced Vocabulary](https://www.youtube.com/results?search_query=Benjamin+Der+Deutschlehrer+C1),39
PRES_0103,PLAN_0003,"Phase 3: Proficient User (C1 – C2) – Advanced Mastery and Academic Fluency > Months 16–21: CEFR Level C1 (Advanced) > 3. Academic Reading, Listening, and Essay Structuring","- **Reading:** _Süddeutsche Zeitung_, _FAZ_, and specialized academic literature.",40
PRES_0104,PLAN_0003,Phase 3: Proficient User (C1 – C2) – Advanced Mastery and Academic Fluency > Months 22–36: CEFR Level C2 (Mastery) > 1. Total Immersion & Near-Native Application,- [Easy German: C2 / Dialects and Cultural Sociological Dives](https://www.youtube.com/results?search_query=Easy+German+C2+Dialects),41
PRES_0105,PLAN_0003,Phase 3: Proficient User (C1 – C2) – Advanced Mastery and Academic Fluency > Months 22–36: CEFR Level C2 (Mastery) > 1. Total Immersion & Near-Native Application,- [Simplicissimus / STRG_F: High-production German Video Essays](https://www.youtube.com/results?search_query=Simplicissimus+STRG_F),42
PRES_0106,PLAN_0003,Phase 3: Proficient User (C1 – C2) – Advanced Mastery and Academic Fluency > Months 22–36: CEFR Level C2 (Mastery) > 1. Total Immersion & Near-Native Application,- [TEDx (German): Native-Level Formal Presentations](https://www.youtube.com/results?search_query=TEDx+Deutsch),43
PRES_0107,PLAN_0004,"Phase 1: Biomechanical Foundation and Spatial Mapping (Months 1-3) > Month 1: Posture and Keyboard Geography > Posture, Bench Setup, Hand Shape, and Wrist Alignment",- [Piano Posture - 4 Steps for Excellent Piano Posture](https://www.youtube.com/watch?v=BmTcXlfT1OE),1
PRES_0108,PLAN_0004,"Phase 1: Biomechanical Foundation and Spatial Mapping (Months 1-3) > Month 1: Posture and Keyboard Geography > Posture, Bench Setup, Hand Shape, and Wrist Alignment",- [Proper Piano Posture](https://www.youtube.com/watch?v=2mxlG5bzcyQ),2
PRES_0109,PLAN_0004,"Phase 1: Biomechanical Foundation and Spatial Mapping (Months 1-3) > Month 1: Posture and Keyboard Geography > Posture, Bench Setup, Hand Shape, and Wrist Alignment",- [What is proper piano posture?](https://www.youtube.com/watch?v=AZECDHp9fqk),3
PRES_0110,PLAN_0004,Phase 1: Biomechanical Foundation and Spatial Mapping (Months 1-3) > Month 1: Posture and Keyboard Geography > Keyboard Geography and Note Names,- [Keyboard Geography and Note Names](https://www.youtube.com/watch?v=Twaa5OxC_vc),4
PRES_0111,PLAN_0004,Phase 1: Biomechanical Foundation and Spatial Mapping (Months 1-3) > Month 1: Posture and Keyboard Geography > Keyboard Geography and Note Names,- [Sight-Reading Made Simple (Part 1)](https://www.youtube.com/watch?v=gEI7uYOCQXo),5
PRES_0112,PLAN_0004,Phase 1: Biomechanical Foundation and Spatial Mapping (Months 1-3) > Month 1: Posture and Keyboard Geography > Keyboard Geography and Note Names,- [Piano Keyboard Layout](https://www.youtube.com/watch?v=TjlBbYdIayg),6
PRES_0113,PLAN_0004,Phase 1: Biomechanical Foundation and Spatial Mapping (Months 1-3) > Month 2: Treble and Bass Clef Reading > Treble Clef Reading,- [Treble Clef and Bass Clef Notes](https://www.youtube.com/watch?v=Y9EZ5qbFzsI),7
PRES_0114,PLAN_0004,Phase 1: Biomechanical Foundation and Spatial Mapping (Months 1-3) > Month 2: Treble and Bass Clef Reading > Treble Clef Reading,- [Finding Notes on the Piano](https://www.youtube.com/watch?v=eaduTvdaqh0),8
PRES_0115,PLAN_0004,Phase 1: Biomechanical Foundation and Spatial Mapping (Months 1-3) > Month 2: Treble and Bass Clef Reading > Treble Clef Reading,- [Music Theory Basics - Key Signatures](https://www.youtube.com/watch?v=yfsu94Wo64U),9
PRES_0116,PLAN_0004,Phase 1: Biomechanical Foundation and Spatial Mapping (Months 1-3) > Month 2: Treble and Bass Clef Reading > Bass Clef Reading,- [The Treble Clef And Bass Clef](https://www.youtube.com/watch?v=SGszzTGm4wA),10
PRES_0117,PLAN_0004,Phase 1: Biomechanical Foundation and Spatial Mapping (Months 1-3) > Month 2: Treble and Bass Clef Reading > Bass Clef Reading,- [Ledger Lines Made Easy](https://www.youtube.com/watch?v=YDjkkQu2Q40),11
PRES_0118,PLAN_0004,Phase 1: Biomechanical Foundation and Spatial Mapping (Months 1-3) > Month 2: Treble and Bass Clef Reading > Bass Clef Reading,- [Learn Music Theory](https://www.youtube.com/watch?v=YYoEiKA33C0),12
PRES_0119,PLAN_0004,Phase 1: Biomechanical Foundation and Spatial Mapping (Months 1-3) > Month 3: Rhythm and Hands-Together Coordination > Rhythm Fundamentals and Meter,- [How to Count Basic Rhythms](https://www.youtube.com/watch?v=x3CK4-G5Eg4),13
PRES_0120,PLAN_0004,Phase 1: Biomechanical Foundation and Spatial Mapping (Months 1-3) > Month 3: Rhythm and Hands-Together Coordination > Rhythm Fundamentals and Meter,- [Time Signatures Explained](https://www.youtube.com/watch?v=SPy7K3GD3kY),14
PRES_0121,PLAN_0004,Phase 1: Biomechanical Foundation and Spatial Mapping (Months 1-3) > Month 3: Rhythm and Hands-Together Coordination > Rhythm Fundamentals and Meter,- [10 Essential Rhythm Patterns](https://www.youtube.com/watch?v=OpMQTxvbNlU),15
PRES_0122,PLAN_0004,Phase 1: Biomechanical Foundation and Spatial Mapping (Months 1-3) > Month 3: Rhythm and Hands-Together Coordination > Hands-Together Coordination,- [5 Exercises to Play with Two Hands](https://www.youtube.com/watch?v=db9Ek6BGOq4),16
PRES_0123,PLAN_0004,Phase 1: Biomechanical Foundation and Spatial Mapping (Months 1-3) > Month 3: Rhythm and Hands-Together Coordination > Hands-Together Coordination,- [11 Easy Hand Independence Exercises](https://www.youtube.com/watch?v=OL6WjT2eges),17
PRES_0124,PLAN_0004,Phase 1: Biomechanical Foundation and Spatial Mapping (Months 1-3) > Month 3: Rhythm and Hands-Together Coordination > Hands-Together Coordination,- [7 Helpful Two Hand Exercises](https://www.youtube.com/watch?v=3xSHAT-cPac),18
PRES_0125,PLAN_0004,Phase 2: Technical Expansion and Harmonic Geometry (Months 4-6) > Month 4: Articulation and Scales with Finger Independence > Articulation and Dynamics,- [Articulations | Classical Piano Beginner](https://www.youtube.com/watch?v=RomRKvAKVS0),19
PRES_0126,PLAN_0004,Phase 2: Technical Expansion and Harmonic Geometry (Months 4-6) > Month 4: Articulation and Scales with Finger Independence > Articulation and Dynamics,- [Piano Lesson: Dynamics](https://www.youtube.com/watch?v=WlgpuH6hrqQ),20
PRES_0127,PLAN_0004,Phase 2: Technical Expansion and Harmonic Geometry (Months 4-6) > Month 4: Articulation and Scales with Finger Independence > Articulation and Dynamics,- [Articulations for Piano](https://www.youtube.com/watch?v=htYn4K4GPf4),21
PRES_0128,PLAN_0004,"Phase 2: Technical Expansion and Harmonic Geometry (Months 4-6) > Month 4: Articulation and Scales with Finger Independence > Major Scales (C, G, D) and Finger Independence",- [Finger Independence Challenge](https://www.youtube.com/watch?v=UuACq_0ozIY),22
PRES_0129,PLAN_0004,"Phase 2: Technical Expansion and Harmonic Geometry (Months 4-6) > Month 4: Articulation and Scales with Finger Independence > Major Scales (C, G, D) and Finger Independence",- [Finger Independence Challenge](https://www.youtube.com/watch?v=Hq5st0vxH4I),23
PRES_0130,PLAN_0004,"Phase 2: Technical Expansion and Harmonic Geometry (Months 4-6) > Month 4: Articulation and Scales with Finger Independence > Major Scales (C, G, D) and Finger Independence",- [Master the art of finger independence](https://www.youtube.com/watch?v=MYtRA5WAfRw),24
PRES_0131,PLAN_0004,"Phase 2: Technical Expansion and Harmonic Geometry (Months 4-6) > Month 5: Intervals, Key Signatures, and Triads > Intervals and Key Signatures",- [Intervals and Key Signatures Explained](https://www.youtube.com/watch?v=Hi9bUcnHLBo),25
PRES_0132,PLAN_0004,"Phase 2: Technical Expansion and Harmonic Geometry (Months 4-6) > Month 5: Intervals, Key Signatures, and Triads > Intervals and Key Signatures",- [Scales and intervals explained](https://www.youtube.com/watch?v=FeSGhAYvCII),26
PRES_0133,PLAN_0004,"Phase 2: Technical Expansion and Harmonic Geometry (Months 4-6) > Month 5: Intervals, Key Signatures, and Triads > Intervals and Key Signatures",- [Figuring out Major Keys](https://www.youtube.com/watch?v=2lVeHHBYCEY),27
PRES_0134,PLAN_0004,"Phase 2: Technical Expansion and Harmonic Geometry (Months 4-6) > Month 5: Intervals, Key Signatures, and Triads > Triads and Inversions",- [Master Piano Chord Inversion](https://www.youtube.com/watch?v=aIFoh4t6G18),28
PRES_0135,PLAN_0004,"Phase 2: Technical Expansion and Harmonic Geometry (Months 4-6) > Month 5: Intervals, Key Signatures, and Triads > Triads and Inversions",- [Triad Inversion](https://www.youtube.com/watch?v=5IghJab3UYU),29
PRES_0136,PLAN_0004,"Phase 2: Technical Expansion and Harmonic Geometry (Months 4-6) > Month 5: Intervals, Key Signatures, and Triads > Triads and Inversions",- [All Triads and Inversions](https://www.youtube.com/watch?v=r7k2tkYY53E),30
PRES_0137,PLAN_0004,"Phase 2: Technical Expansion and Harmonic Geometry (Months 4-6) > Month 6: Chord Progressions, Pedal Technique, and Musical Expression Preview > Common Chord Progressions and Lead Sheets",- [4 Chord Progressions Behind Thousands of Songs](https://www.youtube.com/watch?v=PlRhgYmZTeo),31
PRES_0138,PLAN_0004,"Phase 2: Technical Expansion and Harmonic Geometry (Months 4-6) > Month 6: Chord Progressions, Pedal Technique, and Musical Expression Preview > Common Chord Progressions and Lead Sheets",- [Best Piano Chord Progressions](https://www.youtube.com/watch?v=Y_LVaXAmn3Q),32
PRES_0139,PLAN_0004,"Phase 2: Technical Expansion and Harmonic Geometry (Months 4-6) > Month 6: Chord Progressions, Pedal Technique, and Musical Expression Preview > Common Chord Progressions and Lead Sheets",- [Turn Simple Chords Into Real Music](https://www.youtube.com/watch?v=HdKFCtSrKao),33
PRES_0140,PLAN_0004,"Phase 2: Technical Expansion and Harmonic Geometry (Months 4-6) > Month 6: Chord Progressions, Pedal Technique, and Musical Expression Preview > Sustain Pedal Technique",- [Comprehensive Piano Pedal Tutorial](https://www.youtube.com/watch?v=KrLcJbMPu0k),34
PRES_0141,PLAN_0004,"Phase 2: Technical Expansion and Harmonic Geometry (Months 4-6) > Month 6: Chord Progressions, Pedal Technique, and Musical Expression Preview > Sustain Pedal Technique",- [How to use the Sustain Pedal](https://www.youtube.com/watch?v=U2GGFG8Lzck),35
PRES_0142,PLAN_0004,"Phase 2: Technical Expansion and Harmonic Geometry (Months 4-6) > Month 6: Chord Progressions, Pedal Technique, and Musical Expression Preview > Sustain Pedal Technique",- [Damper pedal piano tutorial](https://www.youtube.com/watch?v=kiF29oEw3VM),36
PRES_0143,PLAN_0004,Phase 3: Aural Integration and Expressive Fluency (Months 7-9) > Month 7: Phrase Shaping and Sight-Reading Foundation > Phrase Shaping and Musical Expression,- [What is Music Phrasing?](https://www.youtube.com/watch?v=7YqbYk5BM3U),37
PRES_0144,PLAN_0004,Phase 3: Aural Integration and Expressive Fluency (Months 7-9) > Month 7: Phrase Shaping and Sight-Reading Foundation > Phrase Shaping and Musical Expression,- [Structure of Phrasing](https://www.youtube.com/watch?v=Uyv76ugs6uo),38
PRES_0145,PLAN_0004,Phase 3: Aural Integration and Expressive Fluency (Months 7-9) > Month 7: Phrase Shaping and Sight-Reading Foundation > Phrase Shaping and Musical Expression,- [Expressive Piano Series](https://www.youtube.com/watch?v=D6EvhHIKHtU),39
PRES_0146,PLAN_0004,Phase 3: Aural Integration and Expressive Fluency (Months 7-9) > Month 7: Phrase Shaping and Sight-Reading Foundation > Sight-Reading System and Pattern Chunking,- [Sight-Reading Tips](https://www.youtube.com/watch?v=qP53j8CxDdg),40
PRES_0147,PLAN_0004,Phase 3: Aural Integration and Expressive Fluency (Months 7-9) > Month 7: Phrase Shaping and Sight-Reading Foundation > Sight-Reading System and Pattern Chunking,- [Improve Sight Reading by Chunking](https://www.youtube.com/watch?v=JGYvmW_gJxA),41
PRES_0148,PLAN_0004,Phase 3: Aural Integration and Expressive Fluency (Months 7-9) > Month 7: Phrase Shaping and Sight-Reading Foundation > Sight-Reading System and Pattern Chunking,- [How to Sight Read](https://www.youtube.com/watch?v=6xaROR9G8SY),42
PRES_0149,PLAN_0004,Phase 3: Aural Integration and Expressive Fluency (Months 7-9) > Month 8: Arpeggios and Accompaniment Patterns > Arpeggios and Accompaniment Patterns,- [5 Piano Arpeggio Patterns](https://www.youtube.com/watch?v=jKyFrBKHAZk),43
PRES_0150,PLAN_0004,Phase 3: Aural Integration and Expressive Fluency (Months 7-9) > Month 8: Arpeggios and Accompaniment Patterns > Arpeggios and Accompaniment Patterns,- [5 Arpeggios and Accompaniment](https://www.youtube.com/watch?v=MDtZktJ-iP4),44
PRES_0151,PLAN_0004,Phase 3: Aural Integration and Expressive Fluency (Months 7-9) > Month 8: Arpeggios and Accompaniment Patterns > Arpeggios and Accompaniment Patterns,- [4 Easy Piano Patterns](https://www.youtube.com/watch?v=bVuUiE1G0eo),45
PRES_0152,PLAN_0004,"Phase 3: Aural Integration and Expressive Fluency (Months 7-9) > Month 9: Style Basics and Preliminary Performance Exposure > Style Basics: Baroque, Classical, Romantic",- [Getting Started with Classical Piano](https://www.youtube.com/watch?v=ESrNzuObudY),46
PRES_0153,PLAN_0004,"Phase 3: Aural Integration and Expressive Fluency (Months 7-9) > Month 9: Style Basics and Preliminary Performance Exposure > Style Basics: Baroque, Classical, Romantic",- [Baroque Style Piano Chords](https://www.youtube.com/watch?v=kyBupucAqlM),47
PRES_0154,PLAN_0004,"Phase 3: Aural Integration and Expressive Fluency (Months 7-9) > Month 9: Style Basics and Preliminary Performance Exposure > Style Basics: Baroque, Classical, Romantic",- [Improvisation From Baroque & Classical](https://www.youtube.com/watch?v=eGKDLkoX2Ek),48
PRES_0155,PLAN_0004,"Phase 4: Improvisational Mastery and Performance Output (Months 10-12) > Month 10: Ear Training (Intervals and Chord Quality) > Ear Training (Intervals, Chord Quality)",- [The Ultimate Guide To Ear Training](https://www.youtube.com/watch?v=U8xQfdKPRXs),49
PRES_0156,PLAN_0004,"Phase 4: Improvisational Mastery and Performance Output (Months 10-12) > Month 10: Ear Training (Intervals and Chord Quality) > Ear Training (Intervals, Chord Quality)",- [Interval Training Tutorial](https://www.youtube.com/watch?v=_nBgzj2--_A),50
PRES_0157,PLAN_0004,"Phase 4: Improvisational Mastery and Performance Output (Months 10-12) > Month 10: Ear Training (Intervals and Chord Quality) > Ear Training (Intervals, Chord Quality)",- [Tell the Difference Between Chords](https://www.youtube.com/watch?v=YA-TXGYxOSw),51
PRES_0158,PLAN_0004,Phase 4: Improvisational Mastery and Performance Output (Months 10-12) > Month 11: Melody by Ear and Improvisation > Melody by Ear,- [How to Play ANY Song By Ear](https://www.youtube.com/watch?v=bKFRBmG0aTQ),52
PRES_0159,PLAN_0004,Phase 4: Improvisational Mastery and Performance Output (Months 10-12) > Month 11: Melody by Ear and Improvisation > Melody by Ear,- [Piano By Ear - The Language of Music](https://www.youtube.com/watch?v=3sXrWz763J8),53
PRES_0160,PLAN_0004,Phase 4: Improvisational Mastery and Performance Output (Months 10-12) > Month 11: Melody by Ear and Improvisation > Melody by Ear,- [Play Piano By Ear Later in Life](https://www.youtube.com/watch?v=ep6YOMnyjI0),54
PRES_0161,PLAN_0004,Phase 4: Improvisational Mastery and Performance Output (Months 10-12) > Month 11: Melody by Ear and Improvisation > Improvisation (Pentatonic and Chord-Tone),- [Neo Soul Piano Improv with Pentatonic Scale](https://www.youtube.com/watch?v=YpNKyXMb9HI),55
PRES_0162,PLAN_0004,Phase 4: Improvisational Mastery and Performance Output (Months 10-12) > Month 11: Melody by Ear and Improvisation > Improvisation (Pentatonic and Chord-Tone),- [The ONLY Scale You Need](https://www.youtube.com/watch?v=9negqvipGuc),56
PRES_0163,PLAN_0004,Phase 4: Improvisational Mastery and Performance Output (Months 10-12) > Month 11: Melody by Ear and Improvisation > Improvisation (Pentatonic and Chord-Tone),- [Minor Pentatonic Scale](https://www.youtube.com/watch?v=W164rUS0LVA),57
PRES_0164,PLAN_0004,Phase 4: Improvisational Mastery and Performance Output (Months 10-12) > Month 12: Performance Preparation and Consolidation > Performance Preparation and Recording-Review Workflow,- [How to Prepare for a Performance](https://www.youtube.com/watch?v=YeJ-QJ4F9d0),58
PRES_0165,PLAN_0004,Phase 4: Improvisational Mastery and Performance Output (Months 10-12) > Month 12: Performance Preparation and Consolidation > Performance Preparation and Recording-Review Workflow,- [Get Perfect Piano Recording](https://www.youtube.com/watch?v=3RQIBZSwwOg),59
PRES_0166,PLAN_0004,Phase 4: Improvisational Mastery and Performance Output (Months 10-12) > Month 12: Performance Preparation and Consolidation > Performance Preparation and Recording-Review Workflow,- [Practising to Record](https://www.youtube.com/watch?v=tg8m7kNzmDg),60
PRES_0167,PLAN_0005,Autonomous Scientific Researcher > Phase 1: Foundational Epistemology and Literature Mastery > Months 1–4: Epistemology and the Information Architecture of Science > 1. The Philosophy of Science and Epistemological Frameworks,"- [Alexander Koryagin: Philosophy of Science, Introduction | Course Overview](https://www.youtube.com/results?search_query=Alexander+Koryagin+Philosophy+of+Science+Introduction+Course+Overview)",1
PRES_0168,PLAN_0005,Autonomous Scientific Researcher > Phase 1: Foundational Epistemology and Literature Mastery > Months 1–4: Epistemology and the Information Architecture of Science > 2. Advanced Literature Review and Gap Identification,- [Andy Stapleton: How To Do A Literature Review (STRESS-FREE!)](https://www.youtube.com/results?search_query=Andy+Stapleton+How+To+Do+A+Literature+Review+STRESS-FREE),2
PRES_0169,PLAN_0005,Autonomous Scientific Researcher > Phase 1: Foundational Epistemology and Literature Mastery > Months 1–4: Epistemology and the Information Architecture of Science > 3. Reference Management and Bibliographic Frameworks,- [Andy Stapleton: How to use Zotero's full potential](https://www.youtube.com/results?search_query=Andy+Stapleton+How+to+use+Zotero+full+potential),3
PRES_0170,PLAN_0005,Autonomous Scientific Researcher > Phase 2: Methodological Design and Statistical Rigor > Months 5–12: From Study Architecture to Programmatic Analysis > 4. Fundamentals of Qualitative Research Methods,- [Yale University (Leslie Curry): Fundamentals of Qualitative Research Methods Playlist](https://www.youtube.com/results?search_query=Yale+Leslie+Curry+Fundamentals+of+Qualitative+Research+Methods),4
PRES_0171,PLAN_0005,Autonomous Scientific Researcher > Phase 2: Methodological Design and Statistical Rigor > Months 5–12: From Study Architecture to Programmatic Analysis > 5. Quantitative Research and Study Design Architecture,- [Global Health with Greg Martin: Research Methods - Introduction](https://www.youtube.com/results?search_query=Global+Health+Greg+Martin+Research+Methods+Introduction),5
PRES_0172,PLAN_0005,Autonomous Scientific Researcher > Phase 2: Methodological Design and Statistical Rigor > Months 5–12: From Study Architecture to Programmatic Analysis > 6. Core Statistical Concepts and Probability Theory,- [StatQuest with Josh Starmer: Statistics Fundamentals Playlist](https://www.youtube.com/results?search_query=StatQuest+Josh+Starmer+Statistics+Fundamentals+Playlist),6
PRES_0173,PLAN_0005,Autonomous Scientific Researcher > Phase 2: Methodological Design and Statistical Rigor > Months 5–12: From Study Architecture to Programmatic Analysis > 7. Applied Biostatistics and R Programming,- [MarinStatsLectures: R Programming & Statistics Full Tutorial Series](https://www.youtube.com/results?search_query=MarinStatsLectures+R+Programming+Statistics+Full+Tutorial+Series),7
PRES_0174,PLAN_0005,"Autonomous Scientific Researcher > Phase 3: Data Integrity, Ethics, and Management > Months 13–16: Stewardship, Compliance, and Open Science > 8. FAIR Data Principles and Open Science",- [Utrecht University: Is my data FAIR? | Research Data management](https://www.youtube.com/results?search_query=Utrecht+University+Is+my+data+FAIR+Research+Data+management),8
PRES_0175,PLAN_0005,"Autonomous Scientific Researcher > Phase 3: Data Integrity, Ethics, and Management > Months 13–16: Stewardship, Compliance, and Open Science > 9. Research Ethics and Scientific Integrity",- [NIH VideoCast: IPPCR Ethics in the Conduct of Research (James L. Gulley)](https://www.youtube.com/results?search_query=NIH+IPPCR+Ethics+in+the+Conduct+of+Research+James+Gulley),9
PRES_0176,PLAN_0005,"Autonomous Scientific Researcher > Phase 4: Scientific Writing, Publication, and Dissemination > Months 17–24: Manuscript Architecture and Rhetorical Precision > 10. The IMRaD Framework and Manuscript Structuring",- [SAGES: IMRAD Structure Part I & II](https://www.youtube.com/results?search_query=SAGES+IMRAD+Structure+Part+I+II),10
PRES_0177,PLAN_0005,"Autonomous Scientific Researcher > Phase 4: Scientific Writing, Publication, and Dissemination > Months 17–24: Manuscript Architecture and Rhetorical Precision > 11. Advanced Scientific Writing and Stylistic Nuance",- [Stanford University / Kristin Sainani: Writing in the Sciences (Full Course Playlist)](https://www.youtube.com/results?search_query=Kristin+Sainani+Writing+in+the+Sciences+Stanford),11
PRES_0178,PLAN_0005,"Autonomous Scientific Researcher > Phase 4: Scientific Writing, Publication, and Dissemination > Months 17–24: Manuscript Architecture and Rhetorical Precision > 12. Delivering High-Impact Scientific Presentations",- [MIT CompBio (Manolis Kellis): Lecture 25 - How to Present](https://www.youtube.com/results?search_query=MIT+Manolis+Kellis+Lecture+25+How+to+Present),12
PRES_0179,PLAN_0005,"Autonomous Scientific Researcher > Phase 5: Funding, Grantsmanship, and Independence > Months 25–36: The Architecture of Federal Funding and Strategic Proposal Design > 13. Navigating the Grant Application Process",- [NIH Funding: NIH Grants Fundamentals and Grants Process Playlists](https://www.youtube.com/results?search_query=NIH+Grants+Fundamentals+Grants+Process+Playlist),13
PRES_0180,PLAN_0005,"Autonomous Scientific Researcher > Phase 5: Funding, Grantsmanship, and Independence > Months 25–36: The Architecture of Federal Funding and Strategic Proposal Design > 14. Strategic Grant Writing for Career Independence",- [Sarah Dobson: Research Grant Writing Fundamentals](https://www.youtube.com/results?search_query=Sarah+Dobson+Research+Grant+Writing+Fundamentals+NIH),14
PRES_0181,PLAN_0005,"Willingness to Pay > Rank 1 — Validity of stated WTP: hypothetical bias, stated vs. revealed preference, and Comparative Method of Valuation (CMV)",- [A Better Way to Measure Customers’ Willingness to Pay](https://insight.kellogg.northwestern.edu/article/better-way-to-measure-customers-willingness-to-pay),15
PRES_0182,PLAN_0005,Willingness to Pay > Rank 2 — Choice-Based Conjoint (CBC) and marginal willingness to pay (MWTP),- [Willingness to Pay (WTP) for Conjoint Analysis](https://www.youtube.com/watch?v=SbLT0BF4ndY),16
PRES_0183,PLAN_0005,Willingness to Pay > Rank 2 — Choice-Based Conjoint (CBC) and marginal willingness to pay (MWTP),- [Pricing: Conjoint Analysis](https://www.youtube.com/watch?v=2yFoVmrgMPc),17
PRES_0184,PLAN_0005,Willingness to Pay > Rank 2 — Choice-Based Conjoint (CBC) and marginal willingness to pay (MWTP),- [Conjoint Analysis in 10 minutes](https://www.youtube.com/watch?v=yiRNcHU2ZGU),18
PRES_0185,PLAN_0005,Willingness to Pay > Rank 3 — Outcome-Driven Innovation (ODI): importance × satisfaction,- [Outcome-Driven Innovation Process Overview](https://www.youtube.com/watch?v=SNboL5bW_8E),19
PRES_0186,PLAN_0005,Willingness to Pay > Rank 3 — Outcome-Driven Innovation (ODI): importance × satisfaction,- [Introduction to the Market Opportunity Navigator](https://www.youtube.com/watch?v=N4ZUMr70-0w),20
PRES_0187,PLAN_0005,Willingness to Pay > Rank 4 — Behavioral mechanisms that distort reported or perceived value,- [Dan Ariely: The hidden forces that shape your customers' decisions](https://www.youtube.com/watch?v=Ja01tDSUank),21
PRES_0188,PLAN_0005,Willingness to Pay > Rank 4 — Behavioral mechanisms that distort reported or perceived value,- [Behavioral Finance — Framing and The Allais Paradox](https://www.youtube.com/watch?v=AQsnhtCCMtM),22
PRES_0189,PLAN_0005,Willingness to Pay > Rank 4 — Behavioral mechanisms that distort reported or perceived value,- [Loss Aversion](https://www.youtube.com/watch?v=mOFtpotONzk),23
PRES_0190,PLAN_0005,Willingness to Pay > Rank 5 — Direct stated-price methods: Van Westendorp Price Sensitivity Meter and Gabor-Granger,- [Understand in Under 5: Van Westendorp Pricing Analysis](https://www.youtube.com/watch?v=Mmc9j7KnNns),24
PRES_0191,PLAN_0005,Willingness to Pay > Rank 5 — Direct stated-price methods: Van Westendorp Price Sensitivity Meter and Gabor-Granger,- [Turn pricing perceptions into decisions with Van Westendorp and Gabor-Granger modeling](https://www.youtube.com/watch?v=vIE9UjLvpAk),25
PRES_0192,PLAN_0005,Willingness to Pay > Rank 5 — Direct stated-price methods: Van Westendorp Price Sensitivity Meter and Gabor-Granger,- [Gabor-Granger Price Elasticity Model in Qualtrics Surveys](https://www.youtube.com/watch?v=ebRQ6GSCqqs),26
