Date,Time
2025/12/29,23:19
2025/12/30,09:59
2025/12/30,10:07
2025/12/30,10:08
2025/12/30,10:12
2025/12/30,10:12
2025/12/30,10:12
2025/12/30,10:14
2025/12/30,10:15
2025/12/30,13:57
2025/12/30,14:22
2025/12/30,14:50
2025/12/30,15:18
2025/12/30,15:43
2025/12/30,16:08
2025/12/30,16:33
2025/12/30,17:18
2025/12/30,17:18
2025/12/30,18:13
2025/12/30,18:44
2025/12/30,19:11
2026/01/01,14:43
2026/01/01,15:21
2026/01/01,15:46
2026/01/01,16:24
2026/01/01,16:34
2026/01/01,16:59
2026/01/01,17:24
2026/01/01,17:49
2026/01/01,18:14
2026/01/01,18:39
2026/01/03,17:11
2026/01/03,17:11
2026/01/03,17:11
2026/01/03,17:11
2026/01/04,14:56
2026/01/04,14:56
2026/01/04,14:56
2026/01/04,19:19
2026/01/04,21:29
2026/01/04,21:54
